,timestamp,heartrate,rmssd,sdnn,alpha1,filtered
0,0,94.03,7.43,21.54,1.7518902116443789,0
1,5,94.0,7.5,21.37,1.7186085210264712,0
2,10,94.17,7.51,21.48,1.7552776140069026,1
3,15,94.35,7.52,22.64,1.7745201591687036,0
4,20,94.38,7.63,22.78,1.7485449527092272,1
5,25,94.67,7.69,25.82,1.7504327227208045,1
6,30,94.7,7.69,26.27,1.7780020292120096,0
7,35,94.81,7.65,26.12,1.6387836796936361,0
8,40,94.47,7.41,24.44,1.6652725867345557,1
9,45,94.61,6.95,23.81,1.691247203672662,1
10,50,94.69,6.89,23.75,1.6595551699008713,0
11,55,94.97,6.81,22.04,1.6089684578342625,1
12,60,95.02,6.68,21.77,1.7032392305365416,0
13,65,95.01,6.52,21.56,1.5931978050514508,1
14,70,95.14,6.55,20.58,1.647406330269428,0
15,75,95.04,6.79,21.57,1.5895247046905236,0
16,80,95.01,7.07,22.14,1.6476047509063112,1
17,85,94.99,7.35,22.7,1.6353485153238574,1
18,90,95.04,7.35,22.84,1.6745244342771848,0
19,95,95.08,7.4,22.76,1.6967326709851012,0
20,100,95.1,7.39,22.73,1.7350126047709804,0
21,105,95.14,7.32,22.45,1.7156375855479897,0
22,110,95.04,7.3,22.84,1.69757879486795,0
23,115,95.03,7.29,22.87,1.7091363524265257,0
24,120,94.92,7.3,23.01,1.6795939604493106,1
25,125,94.73,7.19,23.25,1.701458322141546,0
26,130,94.57,7.16,23.35,1.667728016305072,1
27,135,94.21,7.11,22.56,1.6552404236340121,1
28,140,93.86,6.96,23.33,1.6698859790678204,1
29,145,93.23,6.88,18.23,1.6797204017719116,1
30,150,93.01,6.79,16.29,1.649249392383512,0
31,155,92.83,6.82,16.04,1.6594405724612502,0
32,160,92.66,7.03,16.94,1.5991321617579595,1
33,165,92.43,7.18,17.13,1.6285958865276395,1
34,170,92.16,7.16,17.47,1.6267179010393424,1
35,175,91.97,7.19,17.45,1.6674467562923212,0
36,180,91.81,7.3,17.15,1.6370774929162333,0
37,185,91.84,7.42,17.28,1.6164877073882555,0
38,190,91.94,7.28,17.59,1.574951969427794,2
39,195,91.97,7.18,17.12,1.5275940346355144,4
40,200,91.67,7.08,19.1,1.6789312878281455,3
41,205,91.46,6.96,18.77,1.5122457891192829,4
42,210,91.02,6.8,20.23,1.6472815762141237,4
43,215,90.75,7.07,20.25,1.5925096699763261,4
44,220,90.42,7.06,21.23,1.6256779444332459,4
45,225,90.29,7.1,20.91,1.6095897973790219,3
46,230,90.16,7.11,20.88,1.6565506177224023,3
47,235,90.1,7.12,20.99,1.614875221400108,3
48,240,89.9,7.05,20.62,1.6585088544727657,3
49,245,89.93,7.22,20.77,1.5841366101394836,3
50,250,89.96,7.26,21.14,1.6156361513484143,4
51,255,90.11,7.29,21.91,1.5810651500297013,3
52,260,90.34,7.25,22.91,1.5960320356220743,4
53,265,90.45,7.37,23.57,1.5987280155686905,3
54,270,90.42,7.33,23.59,1.6129431365432956,3
55,275,90.52,7.23,23.96,1.6477707487876685,3
56,280,90.81,7.16,24.77,1.6439477547627879,4
57,285,90.87,7.2,24.97,1.6267427579606442,3
58,290,91.05,7.26,24.94,1.6403135183014619,4
59,295,91.12,7.24,24.78,1.7026800050138182,3
60,300,91.29,7.0,25.24,1.7552804356169418,3
61,305,91.4,6.9,25.88,1.6449972541616873,3
62,310,91.53,6.85,27.32,1.7462997661194268,2
63,315,91.86,6.69,29.7,1.6626471759931982,1
64,320,92.35,6.52,28.88,1.6911468863846717,1
65,325,92.66,6.36,28.09,1.7192457210422383,1
66,330,93.07,6.19,25.58,1.6290187447572206,1
67,335,93.38,6.11,24.56,1.6921584309723408,1
68,340,93.91,6.01,23.07,1.6814922911910974,1
69,345,94.39,6.01,23.62,1.6412373931174016,1
70,350,94.81,5.97,22.41,1.689476469639545,1
71,355,95.12,6.1,22.23,1.6293718403160538,4
72,360,95.65,6.09,21.24,1.6718384358676464,7
73,365,95.97,5.95,21.28,1.6660786281368312,7
74,370,96.3,5.94,21.97,1.6942606414570356,7
75,375,96.67,5.83,22.95,1.6535763502465979,7
76,380,97.04,5.82,24.7,1.5862705802160648,7
77,385,97.6,5.5,25.53,1.6761657052488947,7
78,390,98.16,5.21,25.49,1.7239046065961545,7
79,395,98.58,5.27,25.69,1.6959891577425816,7
80,400,98.76,5.1,25.36,1.5845148678868524,6
81,405,99.04,4.93,23.92,1.668426006868232,7
82,410,99.29,4.83,22.3,1.5878741435942316,6
83,415,99.85,5.04,20.32,1.7070338559602198,7
84,420,100.44,5.03,21.46,1.6450142195864,7
85,425,100.81,5.15,21.69,1.7054673448353108,6
86,430,101.01,5.14,22.01,1.5810586035611376,7
87,435,101.16,5.29,22.31,1.6530273916248908,6
88,440,101.54,5.31,21.68,1.764052370170216,7
89,445,102.17,5.34,21.75,1.6297564806473404,7
90,450,102.83,5.24,22.37,1.7131754647137643,7
91,455,103.49,5.26,22.34,1.6712512010002727,7
92,460,103.96,5.27,23.43,1.7158758847583007,7
93,465,104.54,5.27,24.63,1.6767527608451913,7
94,470,105.39,5.36,26.93,1.6817990094992459,7
95,475,106.08,5.2,29.09,1.668236721561061,4
96,480,106.57,5.13,30.29,1.6462853948038998,1
97,485,107.12,5.17,29.85,1.6651309747492875,1
98,490,107.6,5.19,29.45,1.640199090737853,1
99,495,108.08,5.13,29.44,1.6916759075975494,1
100,500,108.63,5.21,30.58,1.6683209602167095,1
101,505,109.16,5.19,31.4,1.6618328224469348,1
102,510,109.63,5.14,31.5,1.67853486684732,1
103,515,110.05,5.05,31.08,1.646065551996755,1
104,520,110.58,5.1,29.08,1.6673088268739646,1
105,525,110.89,5.14,27.08,1.603424997955045,1
106,530,111.48,5.09,23.41,1.7467342327828657,1
107,535,112.0,5.02,22.62,1.5631924165145152,3
108,540,112.5,5.07,23.6,1.649109417774217,3
109,545,113.15,4.92,23.3,1.605826019522279,5
110,550,113.79,4.84,22.52,1.5956800349495688,5
111,555,114.43,4.63,19.44,1.567146749064072,5
112,560,114.92,4.54,16.43,1.5900940465082423,8
113,565,115.22,4.51,15.81,1.6409444933610804,8
114,570,115.58,4.58,16.06,1.5672992260397154,10
115,575,116.12,4.76,16.56,1.5586746824703803,10
116,580,116.68,4.66,17.5,1.5973837219118656,10
117,585,117.18,4.6,18.5,1.5234906545751614,10
118,590,117.36,4.52,18.93,1.5200104676591069,9
119,595,117.59,4.65,19.56,1.539592163671998,10
120,600,117.98,4.72,20.48,1.4936717016551244,10
121,605,118.58,4.85,21.21,1.5534609905706414,10
122,610,119.3,4.86,21.87,1.4424445046570376,10
123,615,119.96,4.78,22.69,1.3915246533777796,10
124,620,120.34,4.71,23.3,1.495541046804112,10
125,625,120.67,4.66,23.42,1.4500927473245064,10
126,630,120.97,4.72,22.93,1.4737829064282133,9
127,635,121.41,4.82,22.21,1.4318771424159622,10
128,640,122.06,4.85,20.77,1.4360951803735378,13
129,645,122.97,4.83,17.17,1.3719282626486689,13
130,650,123.63,4.81,15.06,1.2952167903861844,13
131,655,124.04,4.87,15.02,1.2594349904180326,11
132,660,124.46,4.78,15.36,1.1610152377674512,11
133,665,124.71,4.75,15.58,1.243395033593039,8
134,670,125.04,4.81,15.06,1.1468919991134965,9
135,675,125.45,4.92,13.84,1.1290884097684701,12
136,680,125.91,5.02,12.55,1.099729330919852,9
137,685,126.34,5.04,10.76,1.0417980430951945,11
138,690,126.8,5.05,11.03,1.016302895883328,9
139,695,127.29,4.94,11.69,1.020216669873463,9
140,700,127.64,4.9,12.17,1.0221269752061302,8
141,705,127.87,4.9,11.99,0.9973721929046384,9
142,710,128.25,4.91,11.29,1.0182431100288774,9
143,715,128.71,4.87,11.13,1.0074872046411814,9
144,720,129.14,4.83,11.49,1.0039842953576334,9
145,725,129.47,4.77,12.21,0.9745268067206891,8
146,730,129.81,4.72,13.05,0.9884582270570781,9
147,735,130.08,4.77,13.73,0.9956204959856599,9
148,740,130.55,4.79,14.29,0.9795714344011461,9
149,745,131.02,4.8,14.34,0.8898516517964105,9
150,750,131.66,4.73,12.92,0.8537609725767535,9
151,755,132.12,4.73,12.33,0.8395102188218964,12
152,760,132.65,4.6,12.56,0.8239267259317007,9
153,765,133.05,4.52,12.64,0.8260170830894585,9
154,770,133.34,4.36,12.23,0.8857522682408612,8
155,775,133.46,4.24,11.96,0.9462814010321358,11
156,780,133.51,4.22,11.82,0.915362612305244,11
157,785,133.41,4.24,12.38,1.0635026267991932,11
158,790,133.46,4.26,12.1,1.080576166126927,11
159,795,133.55,4.21,11.59,1.0048387038362883,8
160,800,133.68,4.07,11.22,1.0346283984995408,8
161,805,133.79,4.05,10.9,1.037059414635753,6
162,810,133.9,3.9,10.81,1.0217928402488583,6
163,815,133.95,3.91,10.9,1.0490122670308997,8
164,820,134.15,3.98,11.14,1.0413199215194024,8
165,825,134.49,4.02,10.84,1.033524755167771,9
166,830,134.74,3.95,10.67,0.9429481276573839,8
167,835,134.86,3.89,10.7,0.9432925939305086,10
168,840,134.97,3.89,10.79,1.0016427754145931,10
169,845,135.04,3.84,10.87,1.0121191700910932,10
170,850,135.07,3.8,11.02,0.9775835566487897,12
171,855,135.11,3.86,11.19,0.9987513418754844,14
172,860,135.12,3.84,11.39,1.0319003315443689,18
173,865,135.17,3.9,11.53,1.0210111124826653,18
174,870,135.28,4.03,11.64,0.97997532852649,18
175,875,135.34,4.0,11.71,0.9842372219701503,15
176,880,135.3,4.0,11.66,0.9306970308775923,15
177,885,135.29,4.0,11.6,0.9580990122966622,15
178,890,135.35,3.97,11.65,0.970863078271866,15
179,895,135.55,3.98,11.45,0.8733171386535991,14
180,900,135.77,3.94,11.07,0.7530649788175865,12
181,905,136.19,3.9,9.08,0.6312537887806606,13
182,910,136.55,3.84,6.9,0.6586641684914858,13
183,915,136.83,3.81,5.69,0.6562346518758452,12
184,920,137.04,3.81,4.74,0.6280524943127271,12
185,925,137.07,3.85,4.53,0.6613385366336157,12
186,930,137.12,3.8,4.25,0.6906809278076578,12
187,935,137.03,3.71,4.7,0.7540585388548329,10
188,940,136.69,3.69,6.75,0.8306651643278473,11
189,945,136.29,3.63,8.74,0.8900796964621164,11
190,950,135.9,3.57,10.59,0.8950825625400335,11
191,955,135.44,3.55,12.49,0.9052877731878832,9
192,960,135.11,3.61,13.19,0.997020544437951,9
193,965,134.78,3.63,13.61,0.9573703107320705,9
194,970,134.46,3.76,13.92,0.9361476688403361,7
195,975,134.1,3.8,14.13,0.9066222150955348,5
196,980,133.92,3.81,13.98,1.007894918501063,0
197,985,133.76,3.89,13.72,1.0034353967770633,0
198,990,133.66,3.82,13.45,0.9942278806101483,0
199,995,133.57,3.83,13.17,0.9649314522793588,0
200,1000,133.53,3.89,13.0,1.01572324178324,0
201,1005,133.54,3.94,13.04,0.9872832635503247,0
202,1010,133.57,4.04,13.16,0.9484485646137069,0
203,1015,133.62,4.09,13.32,0.9070310502483986,0
204,1020,133.67,4.16,13.51,0.9606522003255552,0
205,1025,133.78,4.25,13.84,0.9421690548943358,0
206,1030,133.91,4.23,14.25,0.899250854249077,0
207,1035,134.03,4.28,14.6,0.873670344565149,0
208,1040,134.17,4.25,15.09,0.8798813845502713,0
209,1045,134.37,4.21,15.54,0.9296901458955105,0
210,1050,134.59,4.22,15.97,0.8642877251667908,0
211,1055,134.91,4.27,16.53,0.7283403709660484,1
212,1060,135.38,4.29,16.62,0.7063268449291336,1
213,1065,135.92,4.34,16.28,0.7380390409901822,1
214,1070,136.49,4.36,15.26,0.6903229601910577,1
215,1075,137.06,4.27,13.46,0.6469185650049547,1
216,1080,137.35,4.18,12.58,0.6808225573961822,0
217,1085,137.55,4.11,11.59,0.7170882588269692,0
218,1090,137.68,3.97,10.81,0.7980268626067983,0
219,1095,137.8,3.89,9.92,0.7331972309866728,0
220,1100,137.58,3.8,11.71,0.8396256271064628,0
221,1105,137.3,3.67,13.33,0.9595987964731054,1
222,1110,136.93,3.61,15.07,1.0210444547012079,1
223,1115,136.37,3.68,17.99,1.2807015459911997,1
224,1120,135.73,3.74,20.28,1.3256763199517074,1
225,1125,135.43,3.78,20.62,1.2805712410535208,1
226,1130,135.07,3.9,20.99,1.357024665332178,0
227,1135,134.74,3.88,21.14,1.3686367737720355,1
228,1140,134.38,3.88,21.29,1.2991069620280606,1
229,1145,134.09,3.91,21.19,1.3048570885998538,0
230,1150,133.85,3.93,20.93,1.4225206335890475,0
231,1155,133.59,3.92,20.5,1.4634534736978992,0
232,1160,133.38,3.94,20.0,1.4031746395464668,0
233,1165,133.27,3.9,19.68,1.377446123516907,0
234,1170,133.17,3.88,19.37,1.4512464930968647,0
235,1175,132.99,3.92,18.84,1.4378777894110004,2
236,1180,132.83,3.88,18.3,1.4311475022887763,2
237,1185,132.68,3.91,17.61,1.4072288299123257,2
238,1190,132.45,3.9,17.0,1.3166465776763294,4
239,1195,132.39,3.93,16.78,1.2978028311135217,4
240,1200,132.42,3.98,16.94,1.4316611406526114,4
241,1205,132.68,4.05,17.8,1.41929975104058,5
242,1210,133.06,4.11,18.64,1.3513146268112952,5
243,1215,133.34,4.17,19.23,1.3220656868846992,9
244,1220,134.11,4.19,19.78,1.280871135825726,9
245,1225,134.75,4.26,19.82,1.214115053926849,9
246,1230,135.39,4.26,19.57,1.1082370847378507,11
247,1235,136.32,4.18,17.34,1.0093927002194099,11
248,1240,137.2,4.08,15.14,0.718576120074742,11
249,1245,137.75,4.01,14.8,0.7263251105709473,11
250,1250,138.51,3.84,14.23,0.7712266616102171,11
251,1255,139.0,3.8,13.3,0.7779198333157664,11
252,1260,139.43,3.71,11.58,0.8330871417842266,11
253,1265,139.63,3.6,10.48,0.8509735364528478,10
254,1270,139.64,3.57,10.36,0.8643108938797873,10
255,1275,139.69,3.56,10.08,0.8861662842834577,10
256,1280,139.66,3.55,10.21,0.869400991029656,10
257,1285,139.53,3.68,10.64,0.8680426907659429,10
258,1290,139.48,3.65,10.73,0.8435502719905955,10
259,1295,139.43,3.67,10.82,0.8499357707371055,8
260,1300,139.4,3.64,10.82,0.8467158903244031,8
261,1305,139.3,3.58,11.32,1.01238023003847,8
262,1310,139.03,3.62,12.35,0.9389899726160261,6
263,1315,138.78,3.68,13.1,0.947178560150774,6
264,1320,138.53,3.71,13.55,1.0088558173973172,6
265,1325,138.35,3.67,13.55,1.0224823910056473,6
266,1330,138.17,3.69,13.49,1.0374267579028522,6
267,1335,138.08,3.67,13.22,1.0243564314251148,2
268,1340,137.87,3.64,12.77,1.0241870140342852,2
269,1345,137.69,3.64,12.32,1.0225118328184089,2
270,1350,137.55,3.69,11.92,0.9827334233120868,0
271,1355,137.44,3.72,11.63,0.9589809309819316,0
272,1360,137.39,3.75,11.44,0.9365078370931526,0
273,1365,137.28,3.78,10.96,0.9448320439730332,2
274,1370,137.09,3.85,10.04,0.9514225557734548,2
275,1375,136.91,3.95,9.32,0.8855167110059299,2
276,1380,136.92,3.99,9.38,0.9183600903483765,2
277,1385,136.99,4.0,9.36,0.9041006767003674,2
278,1390,137.03,3.96,9.24,0.9018300988166524,2
279,1395,137.01,3.9,9.31,0.836777401991835,2
280,1400,136.99,4.0,9.35,0.8658386211020014,2
281,1405,137.09,3.91,9.26,0.946799038515198,2
282,1410,137.13,3.94,9.26,0.9589510963492905,2
283,1415,137.2,3.91,9.22,0.926263158389944,2
284,1420,137.24,3.99,9.26,0.9129905667736549,2
285,1425,137.44,4.01,8.9,0.7921154987688316,3
286,1430,137.74,3.99,7.91,0.8305134902326532,3
287,1435,138.05,3.91,7.19,0.8284712489768469,3
288,1440,138.3,3.94,6.52,0.7101472393485656,2
289,1445,138.49,3.92,6.62,0.7581887846012144,4
290,1450,138.79,3.92,7.22,0.8001722066630002,5
291,1455,138.94,3.92,7.42,0.7960854233811421,4
292,1460,139.0,3.91,7.47,0.8179853701473109,4
293,1465,138.89,3.82,7.58,0.8692308281937774,4
294,1470,138.72,3.74,7.98,0.9342257918583794,4
295,1475,138.48,3.7,8.29,0.9065170138397808,4
296,1480,138.29,3.71,8.06,0.8431988931617982,4
297,1485,138.13,3.65,7.79,0.9417436122325608,4
298,1490,138.07,3.66,7.67,0.9443757280132229,4
299,1495,138.02,3.56,7.65,0.9181912680783423,4
300,1500,137.96,3.62,7.56,0.8783201643067586,4
301,1505,138.01,3.64,7.59,0.902632494921008,4
302,1510,138.14,3.69,7.48,0.8969728608134158,4
303,1515,138.33,3.75,7.11,0.844535324468357,4
304,1520,138.55,3.63,6.72,0.7957156714211271,6
305,1525,138.64,3.72,6.71,0.8102875510863231,6
306,1530,138.75,3.71,6.69,0.7976631201320288,6
307,1535,138.8,3.68,6.63,0.7843852145990721,6
308,1540,138.79,3.56,6.62,0.7928524533180082,6
309,1545,138.75,3.5,6.7,0.8639635207673431,6
310,1550,138.62,3.49,6.98,0.9136935384640973,6
311,1555,138.34,3.44,7.74,0.8908505733818091,7
312,1560,138.06,3.43,8.3,0.8499712735164215,6
313,1565,137.84,3.53,8.21,0.9028004939794009,4
314,1570,137.51,3.53,7.47,0.9185960915182915,5
315,1575,137.28,3.63,6.86,0.8320784690101893,4
316,1580,137.18,3.63,6.72,0.7813515179679337,4
317,1585,137.23,3.73,6.8,0.8402077243086895,6
318,1590,137.4,3.78,6.72,0.8095897793002531,6
319,1595,137.59,3.77,6.59,0.761220589661826,8
320,1600,137.75,3.8,6.91,0.7389606015546991,10
321,1605,137.9,3.76,7.18,0.752835714678193,8
322,1610,137.9,3.69,7.17,0.7834207029041879,8
323,1615,137.8,3.68,7.39,0.8753408940817207,8
324,1620,137.52,3.57,8.32,0.9313519409548392,8
325,1625,137.27,3.69,8.77,0.9109068798216938,8
326,1630,137.06,3.7,9.0,0.9564972769433301,8
327,1635,136.71,3.67,9.64,0.9914913778691663,8
328,1640,136.52,3.66,9.55,0.9988993094431714,6
329,1645,136.33,3.65,9.32,0.9761004611869133,6
330,1650,136.21,3.66,9.02,0.9844029580140617,6
331,1655,136.16,3.69,8.97,1.011846384619115,6
332,1660,136.24,3.82,9.3,0.9607128473236589,6
333,1665,136.42,3.93,9.73,0.9577043592906092,6
334,1670,136.71,3.93,10.4,0.9039966354303899,7
335,1675,137.13,3.92,10.86,0.9067827156001429,7
336,1680,137.43,3.86,10.93,0.9125059178045604,6
337,1685,137.63,3.75,10.87,0.9322968768404465,6
338,1690,137.67,3.67,10.8,1.0301860684765045,6
339,1695,137.61,3.56,10.94,1.0531578608348362,6
340,1700,137.46,3.58,11.3,0.9752598668496201,6
341,1705,137.4,3.6,11.32,1.1122648694819037,4
342,1710,137.33,3.64,11.26,1.064197275395886,4
343,1715,137.29,3.61,11.14,1.0583767391914998,2
344,1720,137.22,3.67,10.89,1.0811805410248003,0
345,1725,137.17,3.78,10.78,1.040611938242365,0
346,1730,137.25,3.88,10.94,1.0152178754579826,0
347,1735,137.51,3.92,11.16,0.9316409162620223,1
348,1740,137.96,4.0,10.97,0.8630844031141236,1
349,1745,138.39,3.92,10.95,0.8723868726672466,1
350,1750,138.73,3.9,10.91,0.8831727347763288,1
351,1755,139.25,3.89,9.84,0.8603083625212299,1
352,1760,139.48,3.86,9.38,0.8328336185107167,0
353,1765,139.68,3.8,8.95,0.8392316790230518,0
354,1770,139.75,3.77,8.78,0.8756721223603634,0
355,1775,139.8,3.81,8.72,0.872898215012688,0
356,1780,139.79,3.78,8.78,0.8725717000120391,2
357,1785,139.8,3.72,8.72,0.9031989555997685,2
358,1790,139.75,3.76,8.62,0.8936196915083174,2
359,1795,139.67,3.83,8.46,0.8995564240765217,2
360,1800,139.59,3.93,8.35,0.8422730610429676,2
361,1805,139.59,3.97,8.39,0.8226427079307008,2
362,1810,139.75,4.02,8.14,0.8068457984300214,2
363,1815,139.99,4.05,7.42,0.7443411660975529,3
364,1820,140.31,4.0,6.06,0.6873760223395673,2
365,1825,140.44,3.92,5.53,0.6571485286882199,2
366,1830,140.55,3.9,5.14,0.6576449252485322,2
367,1835,140.54,3.89,5.11,0.6741661843123262,2
368,1840,140.49,3.86,5.46,0.7454535609684765,2
369,1845,140.19,3.79,7.17,0.7832569194843723,3
370,1850,139.74,3.73,9.45,0.8450267723319684,3
371,1855,139.41,3.76,10.35,0.9322122893372766,3
372,1860,139.01,3.75,10.6,0.887738639794375,3
373,1865,138.67,3.78,10.51,0.9083712768220916,3
374,1870,138.33,3.81,10.38,0.9206853794679698,5
375,1875,137.96,3.89,10.66,0.8735217197696692,5
376,1880,137.74,3.91,10.62,0.8650990227097649,4
377,1885,137.61,3.95,10.6,0.8941853230308572,4
378,1890,137.53,3.93,10.59,0.924198060414371,4
379,1895,137.36,3.86,10.61,0.9065605236646379,4
380,1900,137.09,3.83,10.8,0.9362863981899838,3
381,1905,136.73,3.8,10.91,0.9775175047481923,3
382,1910,136.37,3.86,10.91,1.0048270023280907,2
383,1915,136.14,3.87,10.43,0.9426884839245991,2
384,1920,135.97,3.83,10.16,0.9473528509761946,2
385,1925,135.83,3.85,9.83,1.010879404193531,2
386,1930,135.68,3.84,9.4,1.0134699605222022,2
387,1935,135.55,3.84,8.95,0.9737918735354878,2
388,1940,135.44,3.93,8.46,0.9578628367412862,2
389,1945,135.36,3.94,8.34,0.9961433240385722,4
390,1950,135.52,3.96,8.96,1.0430598401183346,4
391,1955,135.55,4.0,9.17,0.9492425784600671,4
392,1960,135.69,4.01,9.58,0.876781361940936,4
393,1965,136.01,3.96,9.8,0.8987070586086814,5
394,1970,136.34,3.92,9.39,0.8693634584803461,4
395,1975,136.52,3.82,8.9,0.8700507721975758,4
396,1980,136.5,3.79,9.0,0.9379762525568319,4
397,1985,136.41,3.81,9.26,0.994644852999226,4
398,1990,136.42,3.84,9.2,0.9092594353341897,2
399,1995,136.52,3.79,8.92,0.8802802981555503,2
400,2000,136.58,3.81,8.86,0.9455321719329332,2
401,2005,136.63,3.82,8.86,0.9118677106300812,2
402,2010,136.68,3.87,8.91,0.9033714140963651,2
403,2015,136.79,3.92,8.85,0.8221262576752064,3
404,2020,136.98,4.0,8.55,0.8970791366667316,2
405,2025,137.28,4.04,8.04,0.8747435963829597,3
406,2030,137.51,3.96,7.38,0.7377562381321641,2
407,2035,137.63,3.84,7.21,0.7635923875114332,2
408,2040,137.64,3.78,7.18,0.7844059458497669,2
409,2045,137.66,3.72,7.16,0.817203970501954,2
410,2050,137.52,3.67,7.74,0.8499618298148194,2
411,2055,137.17,3.66,9.34,0.9061088421433023,3
412,2060,136.61,3.58,11.81,1.0163667147654927,3
413,2065,136.21,3.62,12.75,1.000334896920171,1
414,2070,135.78,3.69,12.76,1.0450391780572046,0
415,2075,135.53,3.59,12.5,1.1165813814710397,1
416,2080,135.3,3.62,12.14,1.1679226846820665,0
417,2085,135.11,3.77,11.68,1.0948384491162473,0
418,2090,134.95,3.87,11.37,1.0458643479669394,0
419,2095,134.93,3.92,11.36,1.0528692896917748,0
420,2100,135.04,3.95,11.38,1.0811058322695226,0
421,2105,135.34,3.93,11.57,1.0410240607053933,0
422,2110,135.51,3.99,11.88,0.9906688329128901,0
423,2115,135.72,4.07,12.33,0.9798800391871458,0
424,2120,135.87,4.04,12.63,0.9938330486548793,0
425,2125,136.03,4.07,13.16,0.9814844014708474,2
426,2130,136.13,4.04,13.56,1.0033139383858878,2
427,2135,136.22,4.02,13.64,1.029754303796459,2
428,2140,136.21,3.92,13.64,1.0861823911984752,2
429,2145,136.08,3.88,13.6,1.0973897105837804,5
430,2150,135.89,3.9,13.56,1.1063249650257019,5
431,2155,135.68,4.02,13.59,1.0965964364992387,5
432,2160,135.66,4.08,13.61,1.0548202289109065,7
433,2165,135.64,4.16,13.63,1.0177952159523287,7
434,2170,135.79,4.18,13.49,0.9985664182222892,8
435,2175,136.14,4.23,12.96,0.9354979877906549,10
436,2180,136.71,4.26,10.85,0.9552925067628062,10
437,2185,137.24,4.33,9.19,0.8735091994057711,10
438,2190,137.67,4.27,8.9,0.82245312615286,10
439,2195,137.98,4.28,9.09,0.8174068164662762,12
440,2200,138.25,4.23,8.96,0.8094222762409855,11
441,2205,138.45,4.13,8.79,0.8577242498500137,11
442,2210,138.57,4.04,8.49,0.899737299249248,11
443,2215,138.57,3.98,8.5,0.8668193901103398,11
444,2220,138.49,3.95,8.7,0.9001125915657666,11
445,2225,138.25,3.85,9.23,0.8990591565816833,11
446,2230,138.05,3.86,9.39,0.8962351642634987,11
447,2235,137.81,3.77,9.45,0.9105374865107904,11
448,2240,137.63,3.78,9.47,0.9313293276127256,13
449,2245,137.4,3.78,9.14,0.9285931065140328,11
450,2250,137.27,3.86,8.74,0.9437032303100141,11
451,2255,137.27,3.85,8.76,0.9097269428610664,11
452,2260,137.37,3.96,8.94,0.8854001650818569,11
453,2265,137.49,4.03,9.01,0.8411022055503603,10
454,2270,137.78,3.97,8.58,0.7846274194725875,11
455,2275,137.98,3.93,8.31,0.8125004153479022,10
456,2280,138.04,3.87,8.14,0.7939989063896501,8
457,2285,138.14,3.77,8.0,0.8399267317675292,8
458,2290,138.25,3.77,7.84,0.8180891879407781,8
459,2295,138.19,3.69,7.83,0.8065852496951459,6
460,2300,138.09,3.67,7.89,0.849061775113355,6
461,2305,137.84,3.52,7.95,0.8571987708593068,6
462,2310,137.6,3.52,7.5,0.8646575742491536,6
463,2315,137.42,3.54,6.82,0.8416279111657494,4
464,2320,137.28,3.57,6.41,0.7783609563829391,4
465,2325,137.19,3.62,6.21,0.757321265989975,4
466,2330,137.2,3.68,6.27,0.773099678960089,4
467,2335,137.37,3.68,6.52,0.7726981004474651,4
468,2340,137.48,3.65,6.42,0.7662059189707047,4
469,2345,137.6,3.62,5.89,0.8037663134494549,4
470,2350,137.6,3.51,5.88,0.8234574358228332,4
471,2355,137.53,3.47,6.23,0.7795686575258499,4
472,2360,137.37,3.39,7.08,0.908555947568072,2
473,2365,137.15,3.38,8.29,0.915804619839015,2
474,2370,136.92,3.36,8.86,0.9178212024884271,2
475,2375,136.71,3.49,8.8,0.887661719973315,2
476,2380,136.58,3.4,8.56,0.9090351337701642,4
477,2385,136.49,3.4,8.33,0.9147503900233108,2
478,2390,136.42,3.44,8.15,0.8891905538271587,2
479,2395,136.4,3.46,8.13,0.9109553320757496,4
480,2400,136.43,3.49,8.21,0.904854954422506,4
481,2405,136.39,3.49,8.15,0.9092125261998237,4
482,2410,136.27,3.46,8.01,0.900907220260629,4
483,2415,136.19,3.47,8.06,0.9026919622449384,4
484,2420,136.09,3.57,8.2,0.9129512238926769,4
485,2425,136.14,3.66,8.22,0.8896567084435131,4
486,2430,136.23,3.6,8.31,0.8689602118401536,4
487,2435,136.25,3.62,8.36,0.8968440787571924,4
488,2440,136.37,3.7,8.77,0.9108951443042278,4
489,2445,136.5,3.77,9.23,0.90296802594781,4
490,2450,136.57,3.85,9.53,0.8987346156071091,4
491,2455,136.59,3.86,9.51,0.8610652634498538,4
492,2460,136.59,3.86,9.49,0.8887100992269028,4
493,2465,136.57,3.88,9.53,0.8818728009438556,4
494,2470,136.58,3.88,9.5,0.8830788495728559,4
495,2475,136.66,3.84,9.32,0.9152967273303324,4
496,2480,136.76,3.88,8.9,0.8723063241815626,4
497,2485,137.04,3.93,7.78,0.8670308475540139,5
498,2490,137.29,3.93,7.12,0.808552854342901,4
499,2495,137.47,3.83,6.91,0.8293110137952856,4
500,2500,137.53,3.87,6.91,0.8229822499893235,2
501,2505,137.59,3.89,6.92,0.8273416505735046,2
502,2510,137.63,3.93,6.97,0.8086113058423442,2
503,2515,137.6,3.93,6.91,0.8310699728530052,0
504,2520,137.47,3.91,7.03,0.8554514023653867,0
505,2525,137.37,3.97,7.27,0.8306581605588164,0
506,2530,137.32,3.96,7.43,0.8549110093190032,0
507,2535,137.21,4.06,7.92,0.8602359500373802,0
508,2540,137.22,4.02,7.88,0.8146120952991365,0
509,2545,137.2,4.02,7.92,0.7951508323645872,0
510,2550,137.15,4.07,7.9,0.80476432961432,0
511,2555,137.15,4.06,7.91,0.8308887834402159,0
512,2560,137.1,4.05,7.72,0.8372671637834159,0
513,2565,137.01,3.89,7.35,0.8229633666544852,0
514,2570,136.88,3.79,6.95,0.8894989183371921,0
515,2575,136.59,3.77,6.79,0.8726679172990455,0
516,2580,136.36,3.77,7.2,0.8945670809183401,0
517,2585,136.18,3.77,7.78,0.9274152202616083,0
518,2590,135.93,3.78,9.03,0.9696021391674243,0
519,2595,135.72,3.79,10.01,0.9892058171029483,4
520,2600,135.62,3.86,10.19,1.018898877195711,3
521,2605,135.42,3.91,10.51,0.9397822434042228,4
522,2610,135.17,3.93,10.45,1.0173004266004346,4
523,2615,134.95,3.97,10.22,0.9600447563940238,3
524,2620,134.84,3.98,9.98,0.9594343764556142,3
525,2625,134.8,3.92,9.86,1.0174276641197384,3
526,2630,134.83,3.88,9.99,1.0891374945417087,3
527,2635,134.91,3.85,10.4,1.0186901559743353,3
528,2640,135.07,3.85,10.73,0.9921989970886346,3
529,2645,135.21,3.77,10.9,1.0133190837544772,3
530,2650,135.33,3.76,10.92,1.0308095048389116,3
531,2655,135.31,3.71,10.97,1.091392248172625,3
532,2660,135.27,3.72,11.04,1.0996195585764375,3
533,2665,135.22,3.73,11.09,1.0844208633350076,3
534,2670,135.09,3.75,11.05,1.0864372414946275,3
535,2675,134.97,3.74,10.87,1.0993882976741005,3
536,2680,134.83,3.74,10.52,1.083415248897245,3
537,2685,134.78,3.81,10.43,1.0655619191085057,3
538,2690,134.91,3.93,10.82,1.0508054692681248,3
539,2695,135.29,3.95,11.69,1.0203928227570778,4
540,2700,135.7,3.98,12.26,1.053258399365697,4
541,2705,136.12,3.96,12.52,0.9839492577735188,4
542,2710,136.59,3.98,11.7,0.9962905121583249,4
543,2715,136.82,3.92,10.97,0.9290257476170392,0
544,2720,136.94,3.84,10.65,0.9611106823491414,0
545,2725,136.96,3.7,10.59,0.9569315442068842,0
546,2730,136.96,3.74,10.58,1.045750302010371,0
547,2735,137.06,3.72,10.31,1.1150844979924666,0
548,2740,137.13,3.67,10.22,1.077265814552586,0
549,2745,137.17,3.72,10.25,1.016951413571632,0
550,2750,137.07,3.7,10.09,1.07004048748763,0
551,2755,136.98,3.82,9.91,1.0230075999139459,0
552,2760,136.99,3.92,9.93,0.988952815912139,0
553,2765,137.06,3.97,10.06,0.980443301551321,0
554,2770,137.19,4.08,10.28,0.9969588936286723,0
555,2775,137.52,4.06,9.83,0.8896513478797788,1
556,2780,137.77,4.04,9.55,0.8588930847421098,2
557,2785,138.04,4.02,9.27,0.8423380177805176,3
558,2790,138.28,4.0,9.01,0.8673559937946088,4
559,2795,138.47,3.96,8.77,0.8377850643502032,4
560,2800,138.54,3.87,8.63,0.8924613592687866,4
561,2805,138.45,3.82,8.74,0.9138769219370616,4
562,2810,138.24,3.73,9.02,0.9339916327520431,4
563,2815,137.83,3.72,9.72,0.9789646776890266,5
564,2820,137.39,3.69,9.97,1.0000165986346607,5
565,2825,137.02,3.69,9.93,0.9636023981261974,5
566,2830,136.77,3.68,9.75,0.9910235664954943,4
567,2835,136.65,3.73,9.8,0.8893589206826733,4
568,2840,136.74,3.78,9.8,0.8849050143847278,4
569,2845,137.1,3.88,9.28,0.8465584796329111,5
570,2850,137.43,3.8,9.19,0.8132674607311591,5
571,2855,137.68,3.8,9.5,0.8035462685515167,4
572,2860,137.79,3.77,9.56,0.8502882375976455,4
573,2865,137.79,3.71,9.58,0.890486361994243,4
574,2870,137.76,3.67,9.67,0.9233714810826289,7
575,2875,137.6,3.52,9.92,0.9545065185376725,8
576,2880,137.29,3.51,10.51,0.9740730629139376,8
577,2885,136.94,3.45,10.98,1.0209392817920984,10
578,2890,136.69,3.44,11.0,1.027616158050427,10
579,2895,136.42,3.47,10.89,1.0016022676716971,10
580,2900,136.26,3.51,10.66,1.0580611801665925,8
581,2905,136.09,3.43,10.34,1.022795613883765,8
582,2910,135.9,3.49,9.94,1.0121525512441314,6
583,2915,135.71,3.55,9.67,1.0209092008070468,6
584,2920,135.64,3.59,9.6,0.9832519753306027,6
585,2925,135.66,3.63,9.67,0.9302838900458895,6
586,2930,135.77,3.66,9.73,0.8842512838475297,6
587,2935,135.97,3.69,9.42,0.8980926392010375,6
588,2940,136.21,3.8,8.94,0.8886168608020082,6
589,2945,136.42,3.81,8.65,0.8183409406779292,6
590,2950,136.56,3.82,8.61,0.857171399604003,6
591,2955,136.65,3.76,8.52,0.8314136612067308,6
592,2960,136.57,3.71,8.51,0.8442584218329148,6
593,2965,136.38,3.61,8.29,0.8314437993612755,6
594,2970,136.08,3.54,7.71,0.802901340068637,7
595,2975,135.86,3.56,6.86,0.8887824163618765,6
596,2980,135.66,3.63,6.21,0.8967900790786971,6
597,2985,135.55,3.65,5.91,0.7956901659749531,9
598,2990,135.54,3.69,5.86,0.7666196126635311,6
599,2995,135.47,3.65,6.11,0.8587002082302027,6
600,3000,135.4,3.6,6.63,0.8175761416345465,6
601,3005,135.41,3.63,6.46,0.8327946175493085,3
602,3010,135.36,3.55,6.74,0.9236857358777969,3
603,3015,135.11,3.47,8.03,0.9474984514502706,3
604,3020,134.7,3.42,10.59,1.0540833328646446,4
605,3025,134.32,3.37,12.01,1.1803232179790624,4
606,3030,133.96,3.44,13.12,1.1728286370850234,4
607,3035,133.71,3.54,13.54,1.0899440357453054,3
608,3040,133.46,3.64,13.72,1.102166635395006,3
609,3045,133.27,3.68,13.54,1.1615018828951116,3
610,3050,133.05,3.7,13.2,1.1219146627042682,3
611,3055,132.97,3.76,13.0,1.0559561665728991,3
612,3060,132.89,3.77,12.82,1.0392293803924526,3
613,3065,132.85,3.84,12.67,1.0571106036570923,3
614,3070,132.83,3.82,12.54,1.0986806260510544,3
615,3075,132.82,3.92,12.68,1.0046025334306083,3
616,3080,132.92,3.99,13.0,1.00505174419431,3
617,3085,133.05,4.04,13.4,0.9784580620171419,3
618,3090,133.24,4.08,14.0,1.0204913197662977,3
619,3095,133.43,4.07,14.43,0.9969760007017049,3
620,3100,133.59,4.04,14.91,0.9873647871561235,3
621,3105,133.72,4.07,15.26,1.0845474809719065,0
622,3110,133.8,4.1,15.46,0.9958880699752105,0
623,3115,134.15,4.15,16.05,0.884093286427998,1
624,3120,134.56,4.16,16.26,0.9009782425259796,1
625,3125,134.79,4.14,16.39,0.9845364602679467,0
626,3130,134.98,4.09,16.28,0.8693438520932406,0
627,3135,135.17,4.08,15.77,0.7622329564878504,0
628,3140,135.36,4.08,14.65,0.8840115806387365,0
629,3145,135.43,4.11,14.19,0.9130987146084197,0
630,3150,135.4,3.99,14.42,0.8647839362658027,0
631,3155,135.25,3.83,15.3,1.000288173608392,0
632,3160,135.05,3.75,16.43,0.9749374057679946,0
633,3165,134.75,3.67,17.76,0.9807950627316987,1
634,3170,134.33,3.65,19.61,1.0841620000920882,1
635,3175,133.78,3.5,21.69,1.1721890036397873,1
636,3180,133.19,3.5,23.43,1.1456463947155555,1
637,3185,132.52,3.48,25.17,1.2202276823834826,1
638,3190,131.64,3.42,27.09,1.2385395670254635,1
639,3195,131.0,3.4,28.05,1.2389073560380262,1
640,3200,130.0,3.35,29.94,1.3483566640461508,1
641,3205,129.14,3.32,30.73,1.3442757055105639,1
642,3210,128.36,3.25,30.76,1.3972654333975547,1
643,3215,127.47,3.22,30.61,1.3909852277342272,1
644,3220,126.52,3.17,30.27,1.4662158831992675,1
645,3225,125.65,3.1,29.63,1.3576491686114844,1
646,3230,124.78,3.01,28.54,1.4624723724309039,1
647,3235,123.84,3.01,26.51,1.430121917452379,1
648,3240,122.83,3.07,23.9,1.5102423749066451,1
649,3245,122.07,3.1,21.28,1.5307858472740137,1
650,3250,121.17,3.16,18.59,1.4503857072437294,1
651,3255,120.47,3.16,16.16,1.4921049265557413,1
652,3260,120.01,3.15,14.52,1.425948330140934,1
653,3265,119.49,3.13,13.73,1.5264360226008722,1
654,3270,119.0,3.11,13.27,1.514971260479209,1
655,3275,118.58,3.17,12.16,1.4839689207826372,1
656,3280,118.2,3.18,11.05,1.4967709722612652,1
657,3285,117.71,3.17,9.85,1.503780983424995,1
658,3290,117.26,3.21,10.02,1.4815220219491072,1
659,3295,116.9,3.32,10.95,1.4811112842692795,1
660,3300,116.5,3.39,11.24,1.5816332434671183,1
661,3305,116.24,3.39,11.16,1.5794464810730535,0
662,3310,116.04,3.4,11.12,1.5695787774934133,1
663,3315,115.84,3.43,11.06,1.583577369702398,0
664,3320,115.8,3.38,11.05,1.5220985832086458,0
665,3325,115.44,3.67,12.65,1.6430849128147758,1
666,3330,115.2,3.7,12.38,1.6752978134720955,0
667,3335,114.83,3.79,12.9,1.6946931986949265,1
668,3340,114.54,3.88,12.98,1.7323840680316993,1
669,3345,114.39,3.94,12.88,1.7083167344691497,0
670,3350,114.07,3.89,12.56,1.7022685774803084,1
671,3355,113.85,3.92,12.55,1.6471471106885385,0
672,3360,113.76,3.92,12.19,1.6915745296321143,0
673,3365,113.63,3.92,11.58,1.66860569829224,0
674,3370,113.75,3.9,12.28,1.6788642004453833,0
675,3375,113.76,3.95,12.33,1.7114971683572795,0
676,3380,113.69,3.94,11.89,1.7137925833301937,0
677,3385,113.65,3.94,11.75,1.7024670085276477,0
678,3390,113.62,3.98,11.81,1.746406850173345,0
679,3395,113.42,3.9,11.92,1.6908755346235225,0
680,3400,113.25,3.89,11.87,1.7335011448056672,2
681,3405,113.19,3.82,11.87,1.775586900841735,2
682,3410,113.21,3.82,11.83,1.7028774449597028,2
683,3415,113.28,3.64,11.49,1.7880697662095113,2
684,3420,113.25,3.58,11.46,1.7398776534916265,2
685,3425,113.13,3.52,11.66,1.7013474596962939,2
686,3430,112.95,3.49,11.95,1.7390735469514804,2
687,3435,112.89,3.52,11.95,1.7407418974481463,2
688,3440,112.58,3.6,12.57,1.6910218350219082,2
689,3445,112.61,3.36,12.13,1.6529476273994037,2
690,3450,112.47,3.3,12.33,1.6576102044559329,2
691,3455,112.48,3.22,12.29,1.6809203124742298,2
692,3460,112.32,3.1,12.98,1.6375745719261823,2
693,3465,112.16,3.16,13.96,1.659747338412146,6
694,3470,111.94,3.25,15.12,1.6784517679537267,5
695,3475,111.68,3.22,16.51,1.749874072707193,6
696,3480,111.2,3.28,17.99,1.7242469966736886,6
697,3485,110.84,3.28,18.04,1.634400122970272,6
698,3490,110.34,3.28,16.54,1.6245560542744155,6
699,3495,110.06,3.26,15.41,1.7048219062942644,6
700,3500,109.82,3.26,14.13,1.707913317540528,5
701,3505,109.71,3.23,13.49,1.7049587405165985,5
702,3510,109.73,3.23,13.68,1.737576081080864,5
703,3515,110.01,3.29,15.49,1.6862801230568176,5
704,3520,110.16,3.28,16.24,1.6612918525461762,3
705,3525,110.36,3.26,17.21,1.7228906372063213,3
706,3530,110.52,3.31,18.1,1.6910510524294438,3
707,3535,110.66,3.31,18.91,1.636399776766276,3
708,3540,110.95,3.3,20.01,1.6697170549825773,4
709,3545,111.21,3.32,20.96,1.6866129049146275,4
710,3550,111.58,3.3,21.7,1.6539142820248174,4
711,3555,111.8,3.2,22.37,1.6806834403984847,4
712,3560,112.23,3.15,22.93,1.63569141520135,4
713,3565,112.59,3.08,23.43,1.6257607184934801,4
714,3570,113.01,3.05,24.13,1.7344017188681047,4
715,3575,113.34,3.0,24.42,1.6421726938663825,4
716,3580,113.8,3.0,24.2,1.5929687677259785,4
717,3585,114.19,2.91,23.6,1.5783410012002888,1
718,3590,114.74,2.79,22.43,1.5328685808966123,1
719,3595,115.25,2.71,20.21,1.5775536220178557,1
720,3600,115.7,2.63,17.05,1.5347048455314387,1
721,3605,116.11,2.65,14.53,1.5432165039445773,1
722,3610,116.39,2.62,12.33,1.5637266924634117,1
723,3615,116.62,2.61,10.9,1.5811030756009052,1
724,3620,116.94,2.62,8.75,1.5219655297550867,0
725,3625,117.23,2.59,6.73,1.554744466488305,1
726,3630,117.29,2.55,6.22,1.5164743100431264,0
727,3635,117.27,2.52,6.16,1.5032217970725426,0
728,3640,117.28,2.52,6.14,1.4603569800815894,0
729,3645,117.29,2.55,6.11,1.470943620580066,0
730,3650,117.21,2.5,6.49,1.5411255411578226,0
731,3655,117.07,2.57,7.25,1.4796080405706682,0
732,3660,116.84,2.6,8.84,1.4696390307242015,0
733,3665,116.62,2.64,9.55,1.510949433153825,1
734,3670,116.32,2.65,11.07,1.5320870233316557,0
735,3675,116.02,2.63,12.08,1.523214843916758,1
736,3680,115.6,2.67,13.69,1.5559532060711023,1
737,3685,115.17,2.78,14.82,1.5509644482596334,1
738,3690,114.7,2.79,15.53,1.5114600886675436,1
739,3695,114.35,2.83,15.98,1.482153454272373,1
740,3700,113.83,2.87,17.16,1.5471594216732871,1
741,3705,113.3,2.9,18.09,1.572920705245817,1
742,3710,112.76,2.91,18.82,1.4932080280642377,1
743,3715,112.2,2.94,19.83,1.5357619402515004,1
744,3720,111.87,2.95,20.48,1.5591766091746833,1
745,3725,111.41,2.91,20.9,1.5186282193859526,1
746,3730,111.01,2.9,21.55,1.5000874746340207,1
747,3735,110.53,2.89,21.13,1.4734595815883762,1
748,3740,110.07,2.88,20.84,1.512165481554973,1
749,3745,109.62,2.85,19.76,1.51396738412396,1
750,3750,109.31,2.92,18.98,1.451406456177303,1
751,3755,108.99,2.92,17.42,1.4962439597124675,1
752,3760,108.6,2.95,15.62,1.458250542767751,1
753,3765,108.31,2.96,13.68,1.5293976946697923,1
754,3770,108.02,2.95,12.2,1.5002811302552699,1
755,3775,107.8,2.92,11.07,1.4946638391906857,0
756,3780,107.69,2.93,10.46,1.5217290569645259,0
757,3785,107.4,2.93,9.25,1.5808235472176324,0
758,3790,107.13,2.99,8.98,1.5432462091369816,1
759,3795,106.86,3.01,8.7,1.526390820111249,1
760,3800,106.62,3.03,9.88,1.5753658029210915,0
761,3805,106.41,3.07,9.9,1.55851625258174,0
762,3810,106.21,3.05,10.03,1.607591058267498,0
763,3815,105.83,3.14,11.86,1.6996646288890331,1
764,3820,105.62,3.2,12.78,1.589619060215411,1
765,3825,105.38,3.18,14.26,1.6269320301615835,1
766,3830,105.07,3.37,16.2,1.559196814222449,0
767,3835,104.76,3.43,18.09,1.5922437975319383,1
768,3840,104.48,3.44,19.01,1.5449245208105669,1
769,3845,104.15,3.58,20.49,1.5623897334522223,1
770,3850,103.92,3.64,21.15,1.609667516269327,1
771,3855,103.66,3.71,21.68,1.5479984698934328,0
772,3860,103.42,3.79,21.95,1.567418481791867,1
773,3865,103.02,3.94,22.81,1.5811375771508467,1
774,3870,102.73,3.97,22.33,1.6562766932883366,1
775,3875,102.35,4.02,21.34,1.6414980840528222,1
776,3880,102.06,4.02,20.55,1.581529289808274,1
777,3885,101.83,4.19,19.16,1.617001872801328,0
778,3890,101.81,4.26,18.95,1.629857876193196,0
779,3895,101.79,4.26,18.81,1.5775553207274773,0
780,3900,101.72,4.27,18.01,1.636666222590634,0
781,3905,101.83,4.43,19.51,1.6341803699470605,0
782,3910,102.11,4.41,21.58,1.6750403029974696,0
783,3915,102.29,4.34,22.6,1.5595587951793484,1
784,3920,102.6,4.31,23.94,1.6053706139964905,1
785,3925,102.76,4.23,24.6,1.6152989286951525,0
786,3930,102.95,4.24,25.57,1.580113702150894,1
787,3935,103.64,4.13,27.64,1.6253193680396343,1
788,3940,104.1,4.12,29.08,1.5740288900030224,1
789,3945,104.69,3.99,30.28,1.631133487433772,1
790,3950,105.3,3.99,30.86,1.5917317657761598,1
791,3955,105.89,3.9,30.5,1.6307980798555355,1
792,3960,106.25,3.93,29.52,1.7016050677896206,1
793,3965,106.56,3.91,27.92,1.623714454137784,0
794,3970,106.69,3.9,27.16,1.7445553315579754,0
795,3975,106.87,3.87,25.97,1.6411052596436109,0
796,3980,107.08,3.84,24.94,1.7227388772078396,1
797,3985,107.23,3.67,23.06,1.668483018685072,0
798,3990,107.25,3.62,22.87,1.6793576882539127,0
799,3995,107.32,3.59,22.27,1.6865606196016096,0
800,4000,107.35,3.56,22.06,1.6444090180062954,0
801,4005,107.25,3.52,22.66,1.663932371644273,0
802,4010,106.98,3.51,23.74,1.5968327763119314,1
803,4015,106.78,3.56,24.32,1.649511612442666,0
804,4020,106.55,3.52,25.08,1.5914657255266438,1
805,4025,106.21,3.42,25.27,1.5652711021642907,1
806,4030,105.76,3.41,25.97,1.6781728074466464,1
807,4035,105.44,3.51,26.05,1.662959227862028,1
808,4040,105.15,3.61,25.99,1.5591056753860095,1
809,4045,104.95,3.69,25.85,1.5643522246388322,1
810,4050,104.67,3.73,25.86,1.5833764757529603,1
811,4055,104.11,3.8,24.03,1.5778649936710873,1
812,4060,103.57,3.85,22.61,1.5109206043050225,1
813,4065,102.91,3.92,19.47,1.6438042127357253,1
814,4070,102.24,4.54,17.05,1.3859263931259982,1
815,4075,101.74,4.57,13.31,1.4938903855745946,1
816,4080,101.25,4.64,13.26,1.5133953218427814,1
817,4085,100.84,4.82,13.41,1.5297523305625453,1
818,4090,100.58,4.83,14.46,1.5720128013405974,1
819,4095,100.34,4.87,14.95,1.4552679173313734,1
820,4100,99.97,5.01,16.58,1.5240963486453845,1
821,4105,99.66,5.18,17.21,1.5057294298098818,1
822,4110,99.35,5.19,18.22,1.552518127219558,1
823,4115,99.21,5.33,18.2,1.5819457370098342,0
824,4120,99.05,5.36,18.12,1.520488326745517,0
825,4125,98.83,5.3,18.25,1.5535997768106076,1
826,4130,98.58,5.3,18.47,1.5103788826969717,1
827,4135,98.31,5.37,18.23,1.6285841984821052,1
828,4140,98.17,5.37,17.99,1.5389103697053068,0
829,4145,97.99,5.39,17.84,1.6187156697186538,0
830,4150,97.85,5.42,17.78,1.491807425253061,0
831,4155,97.5,5.46,17.02,1.5485247847887573,1
832,4160,97.24,5.43,16.37,1.524961864197169,1
833,4165,96.86,5.49,14.78,1.5135150046006962,1
834,4170,96.62,5.56,14.21,1.4547260476210624,1
835,4175,96.33,5.67,12.34,1.4713608394329296,0
836,4180,95.99,5.97,12.88,1.5176632772261025,1
837,4185,95.81,6.0,12.09,1.5892876857768217,1
838,4190,95.57,5.9,14.01,1.5857732234928361,1
839,4195,95.34,6.17,13.18,1.5805835133092818,0
840,4200,95.22,6.17,13.54,1.5552912737760602,0
841,4205,95.13,6.07,13.06,1.5495228947665862,0
842,4210,95.11,6.18,13.05,1.5608853275782824,0
843,4215,95.2,6.16,13.78,1.54881944074839,0
844,4220,95.41,6.13,14.09,1.5634942158277585,0
845,4225,95.51,6.03,14.6,1.5147408722844151,0
846,4230,95.69,6.14,15.09,1.5212997392409031,0
847,4235,95.7,6.04,15.12,1.5127774886643146,0
848,4240,95.65,6.05,15.01,1.5687386416896265,0
849,4245,95.68,6.02,15.06,1.5418833988845488,0
850,4250,95.67,6.1,15.14,1.487113431986864,0
851,4255,95.7,6.14,15.21,1.5774104133024647,0
852,4260,95.69,6.18,15.13,1.5249096320305082,0
853,4265,95.67,6.22,15.12,1.4828411946926678,0
854,4270,95.51,6.27,15.64,1.5891702023595407,0
855,4275,95.47,6.37,15.93,1.5631362711317203,0
856,4280,95.42,6.43,16.19,1.559949331778518,0
857,4285,95.39,6.36,16.27,1.6132385413839652,0
858,4290,95.28,6.45,17.04,1.5408199736100527,0
859,4295,95.01,6.35,18.59,1.6017835554488402,1
860,4300,94.97,6.15,18.87,1.450408776551667,0
861,4305,94.79,6.28,19.78,1.421769083861066,0
862,4310,94.78,5.93,19.76,1.3908160334083555,0
863,4315,94.63,5.89,20.6,1.3943195101858115,0
864,4320,94.56,5.78,20.95,1.4065814112502788,0
865,4325,94.45,5.76,21.24,1.3456070608002753,0
866,4330,94.34,5.7,21.33,1.4103253760086087,0
867,4335,94.15,5.78,20.44,1.4438565288126963,0
868,4340,93.89,6.14,19.75,1.3647240818977693,0
869,4345,93.75,6.36,18.92,1.4095325941039714,1
870,4350,93.67,6.52,18.64,1.4178858205292644,0
871,4355,93.67,6.66,18.73,1.4529319433677885,0
872,4360,93.76,6.64,19.45,1.431568760373128,0
873,4365,93.8,6.67,19.72,1.4146908678292682,0
874,4370,93.75,6.76,19.71,1.4645257859690108,0
875,4375,93.8,7.14,20.28,1.4210611485231326,0
876,4380,93.6,7.31,20.07,1.5458189030048304,0
877,4385,93.59,7.37,20.07,1.53564569761222,0
878,4390,93.59,7.37,20.08,1.4899084028989475,0
879,4395,93.64,7.33,20.02,1.4608632026090091,0
880,4400,93.74,7.42,20.53,1.5552608990379853,1
881,4405,93.94,7.46,21.84,1.5511726983644742,0
882,4410,94.15,7.42,21.52,1.5083092719573903,1
883,4415,94.62,7.53,22.22,1.5835888099671593,1
884,4420,94.83,7.64,21.93,1.5658556248814561,0
885,4425,95.12,7.39,20.95,1.6156554156601526,1
886,4430,95.2,7.52,20.28,1.5949665904609815,0
887,4435,95.52,7.59,19.4,1.6827299138172074,0
888,4440,95.66,7.81,18.8,1.6841257410833543,1
889,4445,95.94,7.86,18.32,1.6833153338607205,1
890,4450,96.12,7.8,18.32,1.6236628834548514,0
891,4455,96.15,7.69,18.21,1.6367414992079463,0
892,4460,96.33,7.47,17.33,1.6640254379419919,0
893,4465,96.4,7.28,17.09,1.6467393657757698,1
894,4470,96.4,7.14,16.81,1.6296709468147266,0
895,4475,96.33,7.03,16.5,1.6568500815522258,0
896,4480,96.35,7.01,16.66,1.681180785285896,0
897,4485,96.37,6.94,16.69,1.6427808773202026,0
898,4490,96.64,6.79,17.03,1.7222868194672485,0
899,4495,96.79,6.24,16.68,1.7374307088757763,1
900,4500,97.12,6.17,16.66,1.6539778265741134,1
901,4505,97.44,6.03,18.13,1.7339868003632208,1
902,4510,97.87,5.98,18.2,1.677414191352053,1
903,4515,98.15,5.94,18.35,1.6898981477465866,1
904,4520,98.44,5.71,18.61,1.6250318329628193,0
905,4525,98.59,5.59,19.32,1.6951353044201476,1
906,4530,98.88,5.43,19.37,1.7012358053542542,0
907,4535,99.02,5.36,20.13,1.593374120537475,0
908,4540,99.41,5.14,20.92,1.631996448669196,1
909,4545,99.76,4.83,21.88,1.7012953653284901,4
910,4550,100.33,4.73,20.48,1.595183185418127,4
911,4555,100.5,4.45,20.45,1.630737979157675,4
912,4560,100.98,4.25,20.51,1.6650102339743578,4
913,4565,101.28,4.17,21.49,1.6809541682825566,7
914,4570,101.74,4.12,22.82,1.6151728092673052,7
915,4575,102.29,3.96,21.66,1.6202469411360758,7
916,4580,102.68,4.01,20.8,1.587384207362687,7
917,4585,103.05,4.03,20.69,1.681499402093342,7
918,4590,103.52,4.05,18.56,1.593584987996838,7
919,4595,103.94,3.97,17.11,1.6161527618448355,7
920,4600,104.31,4.04,16.36,1.6069311963974524,7
921,4605,104.64,3.97,14.58,1.608824007692345,7
922,4610,104.82,4.01,13.93,1.5177190597858674,7
923,4615,105.06,3.99,12.24,1.4910560354790314,7
924,4620,105.23,3.93,11.35,1.5256053235883822,6
925,4625,105.29,3.86,11.19,1.6188781280248,6
926,4630,105.41,3.76,10.79,1.6072731024672688,6
927,4635,105.54,3.75,10.06,1.5117343028567594,6
928,4640,105.67,3.8,9.63,1.6540391075661303,6
929,4645,105.73,3.97,9.62,1.587456181740899,6
930,4650,105.71,3.93,9.8,1.5056452516096472,6
931,4655,105.67,3.88,10.11,1.6357462336311692,6
932,4660,105.54,3.92,10.81,1.6016865304630705,6
933,4665,105.37,4.12,11.41,1.5649843455860677,3
934,4670,105.3,3.94,11.46,1.5377545280966753,3
935,4675,105.25,3.94,11.82,1.5673913493703124,3
936,4680,105.01,3.9,12.25,1.5128073143840657,4
937,4685,104.97,3.94,11.96,1.6066826018592917,0
938,4690,104.83,3.86,10.9,1.4959457483150247,0
939,4695,104.78,3.91,10.75,1.4788728008450764,0
940,4700,104.84,3.84,11.05,1.5937106386401567,0
941,4705,104.82,3.72,10.88,1.4919851233700772,0
942,4710,104.87,3.69,11.09,1.5965967987518694,0
943,4715,104.89,3.72,11.19,1.6256544529959955,0
944,4720,104.95,3.71,11.67,1.538180131468644,0
945,4725,104.93,3.66,11.62,1.583385563919719,0
946,4730,104.85,3.64,11.72,1.5545285315933561,0
947,4735,104.79,3.65,11.82,1.6633112217646466,0
948,4740,104.71,3.67,11.9,1.570047232643228,0
949,4745,104.68,3.69,11.95,1.6188009387413624,0
950,4750,104.63,3.69,11.92,1.5658963631915854,0
951,4755,104.65,3.72,11.99,1.5048544598348848,0
952,4760,104.6,3.71,11.96,1.544720276497237,4
953,4765,104.63,3.79,11.88,1.5113799013596183,3
954,4770,104.5,4.07,13.27,1.5541515095921015,3
955,4775,104.53,4.08,13.16,1.7199467613252353,3
956,4780,104.48,4.11,13.55,1.6088872942000074,3
957,4785,104.43,4.12,13.85,1.6474558573233513,4
958,4790,104.27,4.12,14.56,1.656480487137086,3
959,4795,104.15,4.16,15.77,1.6300650466132551,3
960,4800,104.03,4.17,16.75,1.6634043236015892,3
961,4805,103.68,4.18,18.18,1.6265531497080814,4
962,4810,103.34,4.23,19.48,1.6751918053413113,4
963,4815,103.03,4.19,20.51,1.6681777054751088,4
964,4820,102.54,4.34,21.4,1.6134452895545401,4
965,4825,101.97,4.33,22.47,1.616972820652179,4
966,4830,101.4,4.44,23.71,1.5810355607310607,4
967,4835,100.88,4.52,23.97,1.5324235295837545,4
968,4840,100.32,4.59,23.54,1.5900827158194888,4
969,4845,99.89,4.92,23.55,1.5350250753152368,4
970,4850,99.46,5.06,24.58,1.5450602178738788,4
971,4855,98.93,5.46,27.1,1.6541849624057592,4
972,4860,98.49,5.75,27.81,1.5755998381213945,4
973,4865,97.96,5.84,27.8,1.6862253921916286,4
974,4870,97.72,6.19,26.82,1.722351842376953,4
975,4875,97.17,6.32,25.04,1.59525169602722,4
976,4880,96.73,6.45,24.72,1.6677202079599684,1
977,4885,96.26,6.32,23.37,1.6391587079659002,1
978,4890,95.89,6.38,23.78,1.6146520557669939,1
979,4895,95.44,6.4,22.47,1.5479195810023836,1
980,4900,95.0,6.51,21.78,1.6063032653279798,1
981,4905,94.6,6.62,20.74,1.527739424982303,1
982,4910,94.24,6.69,19.37,1.5610611966124954,1
983,4915,94.05,6.75,18.52,1.602319163438952,0
984,4920,93.75,7.01,18.09,1.5468182232048806,1
985,4925,93.59,7.11,17.57,1.5908432426167793,0
986,4930,93.43,7.61,17.31,1.6228704591033496,1
987,4935,93.18,7.68,17.15,1.5589789776962846,1
988,4940,93.01,7.69,16.83,1.6342362864507,1
989,4945,92.68,8.33,19.17,1.5590533115179852,3
990,4950,92.31,9.18,21.83,1.5479572538357187,3
991,4955,92.18,9.47,21.69,1.6063874829820086,2
992,4960,92.09,9.58,21.57,1.5095449891236228,3
993,4965,92.12,9.55,21.93,1.617588681589504,3
994,4970,92.15,9.9,21.99,1.5029295451278015,2
995,4975,92.58,9.81,24.07,1.5166325709875854,3
996,4980,92.34,15.87,27.0,1.4830627842798312,6
997,4985,92.24,15.87,27.26,1.2467884782796148,5
998,4990,91.76,16.05,26.78,1.304741666591911,8
999,4995,91.39,16.14,28.54,1.3503970768393492,9
1000,5000,91.08,16.28,30.3,1.4975500096747623,9
1001,5005,90.66,16.59,33.89,1.5557963926462168,9
1002,5010,90.32,17.45,38.22,1.4303355859102949,11
1003,5015,89.32,18.09,52.92,1.511065087432806,11
1004,5020,88.79,18.5,56.08,1.6214118734489904,14
1005,5025,88.39,19.1,57.07,1.533189424923999,15
1006,5030,88.0,19.75,57.8,1.4802996699531543,16
1007,5035,87.12,20.48,63.1,1.6334342859657607,17
1008,5040,86.52,20.56,65.83,1.5322156576794956,17
1009,5045,85.66,20.97,66.69,1.4729106462044432,17
1010,5050,84.86,21.1,67.56,1.5231131005816176,17
1011,5055,84.01,21.53,71.41,1.4426593676528319,17
1012,5060,83.29,21.66,72.8,1.6090230915725554,17
1013,5065,82.73,21.5,75.14,1.5306193536659134,15
1014,5070,82.02,21.47,78.0,1.5319003102083353,15
1015,5075,81.45,22.15,76.91,1.487136160902948,17
1016,5080,80.75,23.46,76.51,1.4883222209859013,18
1017,5085,79.77,23.54,70.9,1.4863803640969628,18
1018,5090,78.9,23.86,65.87,1.4788244617401118,18
1019,5095,77.69,20.41,54.32,1.502998805706098,18
1020,5100,77.43,19.46,53.21,1.5370610733834573,15
1021,5105,76.73,19.5,48.57,1.6017473235799804,15
1022,5110,76.26,19.39,45.94,1.5794891684899333,13
1023,5115,75.75,19.81,44.6,1.5270541664953703,13
1024,5120,75.07,19.71,39.81,1.5389041000072925,13
1025,5125,74.7,19.39,38.32,1.489098232221684,13
1026,5130,74.71,18.75,37.71,1.4938036698262458,11
1027,5135,74.65,18.72,38.55,1.5125188132304623,11
1028,5140,74.49,18.9,37.32,1.3772305072517237,9
1029,5145,74.09,18.71,34.58,1.418891380652859,7
1030,5150,73.83,18.03,30.14,1.4345403336530604,5
1031,5155,73.82,17.4,29.7,1.4868345338779425,4
1032,5160,73.84,17.22,29.52,1.3581450921928557,4
1033,5165,73.45,17.4,29.19,1.401667441163515,5
1034,5170,73.45,17.76,29.25,1.3749343247499877,6
1035,5175,73.51,19.53,30.75,1.3562656855763264,6
1036,5180,73.49,19.36,30.81,1.3625224161681566,6
1037,5185,73.44,19.19,30.82,1.4026853354516942,7
1038,5190,73.65,19.39,31.95,1.4219834030064833,7
1039,5195,73.63,18.25,30.93,1.4583907720027132,5
1040,5200,73.85,17.88,32.4,1.415052954475744,3
1041,5205,73.64,18.01,31.82,1.6135948967123481,4
1042,5210,73.17,18.22,35.49,1.4196901454989812,3
1043,5215,73.0,18.33,36.57,1.4843986333634114,4
1044,5220,72.73,18.35,37.75,1.4165982625415476,3
1045,5225,72.6,18.7,38.74,1.4495222332934854,4
1046,5230,72.41,18.88,39.96,1.4619438203110016,3
1047,5235,72.32,18.7,40.77,1.4949858447638993,3
1048,5240,72.28,18.87,41.05,1.4475084492127597,2
1049,5245,72.27,18.57,40.83,1.4735218981133824,2
1050,5250,72.29,18.53,40.93,1.4857197137963247,2
1051,5255,72.56,17.9,40.66,1.534561155855859,3
1052,5260,72.62,18.79,41.69,1.4449396749305192,3
1053,5265,72.72,18.54,41.71,1.4176787861815816,3
1054,5270,72.87,18.57,43.3,1.4406330986418492,3
1055,5275,72.82,18.92,43.85,1.4667644523759442,4
1056,5280,72.81,20.0,44.05,1.4007153336656335,4
1057,5285,72.77,20.86,44.56,1.329839224621423,5
1058,5290,73.02,21.23,46.34,1.4039935014776002,5
1059,5295,73.15,19.31,45.92,1.4390771024892957,5
1060,5300,73.16,19.63,46.32,1.499408207642468,6
1061,5305,72.92,20.33,49.42,1.4555591209044962,6
1062,5310,72.5,20.14,49.76,1.4602053965781614,6
1063,5315,72.11,20.11,48.78,1.4730416265159305,6
1064,5320,71.9,20.39,47.65,1.491407013233868,6
1065,5325,71.75,21.15,48.91,1.3515695693468326,7
1066,5330,71.77,20.9,48.6,1.433337560784227,8
1067,5335,71.56,20.72,50.78,1.4668061297756219,7
1068,5340,71.51,20.72,51.42,1.3980197559802203,7
1069,5345,71.37,20.56,52.73,1.463152360027669,7
1070,5350,71.34,20.42,53.06,1.426940804146329,8
1071,5355,71.31,20.27,53.05,1.3827584053512711,7
1072,5360,71.21,20.34,53.48,1.4279356569997312,8
1073,5365,71.13,20.4,53.55,1.3165051256706195,7
1074,5370,70.82,20.79,54.19,1.4669433669705443,8
1075,5375,70.5,20.88,53.33,1.4135653781889994,8
1076,5380,70.07,19.88,51.37,1.318955584671142,7
1077,5385,69.73,19.86,50.13,1.4065555344660137,7
1078,5390,69.24,19.89,46.67,1.3522932662310239,7
1079,5395,69.05,19.6,46.5,1.3382409019952182,6
1080,5400,68.85,18.56,44.24,1.4567405562342821,5
1081,5405,68.89,18.91,44.66,1.3650695183689685,5
1082,5410,68.48,17.89,36.69,1.2835373450241347,5
1083,5415,68.14,17.97,29.14,1.3495862606000133,5
1084,5420,67.93,17.04,25.58,1.179130077249665,3
1085,5425,68.03,17.07,24.84,1.1847338693509188,3
1086,5430,68.06,16.94,24.59,1.1824588854808138,3
1087,5435,68.04,16.46,24.05,1.1507988058907426,3
1088,5440,67.94,15.4,21.74,1.1611546632627738,3
1089,5445,68.02,14.32,21.43,1.2481164679770314,1
1090,5450,68.09,14.16,20.87,1.148061988717799,2
1091,5455,68.29,14.21,20.27,1.2015573769112229,2
1092,5460,68.34,14.42,20.15,1.1735213223616447,1
1093,5465,68.52,14.63,21.25,1.2517507287569372,2
1094,5470,68.67,14.5,21.99,1.308409237382528,1
1095,5475,68.75,14.42,22.45,1.1908083668159375,2
1096,5480,68.99,17.55,27.94,1.2182336132231089,2
1097,5485,69.02,17.89,28.72,1.1920148306691194,3
1098,5490,69.2,17.75,28.83,1.2383699851733385,2
1099,5495,69.31,17.64,28.86,1.195070103112313,2
1100,5500,69.29,17.74,29.32,1.2108408998503357,2
1101,5505,69.23,18.08,30.98,1.3394119696939468,2
1102,5510,69.29,18.09,30.34,1.4028169741676932,2
1103,5515,69.48,18.17,29.66,1.4499609278992929,3
1104,5520,69.46,18.54,29.77,1.3415053277814577,3
1105,5525,69.31,16.72,28.25,1.324102152535081,2
1106,5530,69.66,17.87,35.25,1.3989221199043562,4
1107,5535,70.16,17.9,44.23,1.5935528455912933,4
1108,5540,70.59,17.45,47.51,1.58710779015613,4
1109,5545,70.98,17.65,49.27,1.4258039445285329,4
1110,5550,71.16,18.03,48.91,1.6107183066112853,4
1111,5555,71.41,18.07,49.1,1.5042181884884567,4
1112,5560,71.6,18.1,49.19,1.5486031546853374,4
1113,5565,71.71,18.0,48.73,1.6080587131777055,3
1114,5570,71.89,18.12,48.1,1.4908070484678082,3
1115,5575,71.98,18.03,47.73,1.4831361923677715,3
1116,5580,72.16,18.22,46.86,1.520525156624208,4
1117,5585,72.38,19.26,48.63,1.4511497656443568,4
1118,5590,72.38,19.33,48.39,1.4425042144063536,4
1119,5595,72.55,19.39,48.36,1.4187971293015251,4
1120,5600,72.6,16.6,47.51,1.556676776032899,4
1121,5605,72.77,16.11,46.86,1.4695537648728256,3
1122,5610,73.0,16.48,47.94,1.5342431069640183,4
1123,5615,73.26,16.71,48.73,1.431847680022274,3
1124,5620,73.52,16.57,45.89,1.5210231002707435,4
1125,5625,73.72,16.06,41.35,1.4791124222433873,4
1126,5630,74.18,17.37,41.87,1.7499781179810132,5
1127,5635,74.74,16.58,47.27,1.6551916400412081,4
1128,5640,75.65,16.54,51.13,1.7313657087624232,4
1129,5645,76.69,15.7,58.48,1.6436381688775668,4
1130,5650,76.82,17.5,59.41,1.4846097359045862,5
1131,5655,77.07,17.48,61.89,1.6465461491084032,5
1132,5660,77.46,17.34,65.02,1.4523056372094938,5
1133,5665,77.5,19.17,65.8,1.5567829867845826,7
1134,5670,78.03,19.5,66.19,1.4406087921930004,8
1135,5675,78.98,19.28,72.0,1.5359309558361809,8
1136,5680,79.87,19.14,75.16,1.5011308143357398,8
1137,5685,80.48,19.29,74.18,1.5133706460239469,8
1138,5690,81.47,19.19,75.16,1.5376617181682692,8
1139,5695,82.22,19.01,74.77,1.4829666018934409,8
1140,5700,83.25,18.58,74.27,1.4870711668455339,8
1141,5705,83.99,17.38,76.04,1.6787423246764368,7
1142,5710,85.41,17.09,76.4,1.4430038289530156,7
1143,5715,86.77,16.87,78.44,1.5358934834332048,7
1144,5720,87.62,17.03,77.78,1.484916997157996,9
1145,5725,87.94,19.16,75.34,1.6628466444123435,11
1146,5730,88.45,19.34,73.22,1.5015844816312311,11
1147,5735,88.79,19.51,70.17,1.6185298021918748,12
1148,5740,89.26,19.6,64.12,1.5560421008491292,12
1149,5745,89.77,19.75,56.37,1.590349537310976,13
1150,5750,89.79,18.92,54.78,1.4777754281817912,11
1151,5755,89.78,19.04,55.36,1.5638146110843545,11
1152,5760,89.69,19.21,55.66,1.6316303863619575,12
1153,5765,89.36,17.78,55.37,1.538616844742104,12
1154,5770,89.34,17.57,54.76,1.5462968916003585,9
1155,5775,89.24,17.47,55.12,1.6122477464268763,9
1156,5780,89.3,16.08,55.19,1.5121681442614838,10
1157,5785,89.53,14.84,52.4,1.8314810997086153,6
1158,5790,89.81,14.85,52.28,1.8080827045804104,7
1159,5795,89.65,14.84,52.05,1.7483162402066703,7
1160,5800,89.64,14.9,51.98,1.6267373813599588,6
1161,5805,89.85,14.73,52.09,1.7267069314265744,6
1162,5810,89.82,14.67,51.91,1.5844926138742317,6
1163,5815,89.98,14.78,52.43,1.6771776928130528,6
1164,5820,89.78,14.93,52.04,1.5133153614878736,7
1165,5825,89.41,15.08,50.7,1.5890301111943075,7
1166,5830,88.6,15.49,48.08,1.4788122823373508,7
1167,5835,87.7,15.82,41.55,1.6703412019832835,7
1168,5840,87.35,13.2,38.35,1.7077149687090825,4
1169,5845,87.98,12.56,37.68,1.6111853385718382,3
1170,5850,87.78,12.42,37.32,1.6807422779551104,2
1171,5855,87.9,11.74,36.69,1.601172569995543,1
1172,5860,88.09,11.52,35.32,1.6968035050713306,1
1173,5865,88.37,11.22,33.43,1.6239069560643515,1
1174,5870,88.48,15.71,33.96,1.4124485467432635,4
1175,5875,88.6,16.1,33.95,1.5143912143141036,4
1176,5880,88.77,16.06,33.83,1.6414812944431283,3
1177,5885,88.57,16.19,35.22,1.4705640201195027,4
1178,5890,88.51,16.05,35.46,1.4577523133607937,3
1179,5895,88.67,17.04,35.46,1.520815938349025,5
1180,5900,88.39,17.37,37.73,1.5723422558319458,6
1181,5905,88.12,17.66,38.84,1.5777168065369354,6
1182,5910,87.81,17.81,38.79,1.556465017483472,6
1183,5915,87.73,18.73,39.24,1.4689672393506636,7
1184,5920,87.28,20.09,39.14,1.4543100843125063,9
1185,5925,87.03,20.26,37.99,1.4389261959876032,9
1186,5930,86.86,20.35,37.55,1.3704366332555793,8
1187,5935,86.53,20.46,34.81,1.4341207583304518,9
1188,5940,86.21,20.63,33.99,1.4581268343934575,9
1189,5945,86.1,20.83,33.94,1.5526093031138943,12
1190,5950,86.4,20.55,33.98,1.4674854475956933,13
1191,5955,86.57,20.75,34.78,1.4241385600086303,18
1192,5960,86.76,20.85,35.96,1.3553024015084831,21
1193,5965,86.22,27.84,34.45,1.221485978644193,24
1194,5970,86.36,28.14,35.19,1.2660113231639056,25
1195,5975,86.43,28.59,36.19,1.2496148455881702,28
1196,5980,86.89,28.5,38.66,1.2764881995661956,28
1197,5985,86.91,28.61,38.43,1.245148265492209,27
1198,5990,87.44,25.48,36.87,1.2540537676718713,25
1199,5995,87.62,25.5,38.06,1.2395489565165962,28
1200,6000,87.73,30.74,44.18,1.105069688573631,31
1201,6005,88.02,31.51,44.24,1.0338223293730413,33
